record_id,product_id,product_name,category,year_month,date,region,actual_demand,manual_forecast,unit_price,revenue
D00001,P001,Smartphone A,Mobile,2022-01,2022-01-01,North,545,551,18000,9810000
D00002,P001,Smartphone A,Mobile,2022-01,2022-01-01,South,631,931,18000,11358000
D00003,P001,Smartphone A,Mobile,2022-01,2022-01-01,West,367,361,18000,6606000
D00004,P001,Smartphone A,Mobile,2022-02,2022-02-01,North,522,660,18000,9396000
D00005,P001,Smartphone A,Mobile,2022-02,2022-02-01,South,510,612,18000,9180000
D00006,P001,Smartphone A,Mobile,2022-02,2022-02-01,West,319,293,18000,5742000
D00007,P001,Smartphone A,Mobile,2022-03,2022-03-01,North,432,222,18000,7776000
D00008,P001,Smartphone A,Mobile,2022-03,2022-03-01,South,417,372,18000,7506000
D00009,P001,Smartphone A,Mobile,2022-03,2022-03-01,West,278,316,18000,5004000
D00010,P001,Smartphone A,Mobile,2022-04,2022-04-01,North,375,245,18000,6750000
D00011,P001,Smartphone A,Mobile,2022-04,2022-04-01,South,517,510,18000,9306000
D00012,P001,Smartphone A,Mobile,2022-04,2022-04-01,West,290,188,18000,5220000
D00013,P001,Smartphone A,Mobile,2022-05,2022-05-01,North,368,397,18000,6624000
D00014,P001,Smartphone A,Mobile,2022-05,2022-05-01,South,400,462,18000,7200000
D00015,P001,Smartphone A,Mobile,2022-05,2022-05-01,West,262,253,18000,4716000
D00016,P001,Smartphone A,Mobile,2022-06,2022-06-01,North,389,610,18000,7002000
D00017,P001,Smartphone A,Mobile,2022-06,2022-06-01,South,467,352,18000,8406000
D00018,P001,Smartphone A,Mobile,2022-06,2022-06-01,West,311,220,18000,5598000
D00019,P001,Smartphone A,Mobile,2022-07,2022-07-01,North,483,242,18000,8694000
D00020,P001,Smartphone A,Mobile,2022-07,2022-07-01,South,486,537,18000,8748000
D00021,P001,Smartphone A,Mobile,2022-07,2022-07-01,West,360,395,18000,6480000
D00022,P001,Smartphone A,Mobile,2022-08,2022-08-01,North,452,436,18000,8136000
D00023,P001,Smartphone A,Mobile,2022-08,2022-08-01,South,460,390,18000,8280000
D00024,P001,Smartphone A,Mobile,2022-08,2022-08-01,West,314,422,18000,5652000
D00025,P001,Smartphone A,Mobile,2022-09,2022-09-01,North,516,287,18000,9288000
D00026,P001,Smartphone A,Mobile,2022-09,2022-09-01,South,589,554,18000,10602000
D00027,P001,Smartphone A,Mobile,2022-09,2022-09-01,West,339,414,18000,6102000
D00028,P001,Smartphone A,Mobile,2022-10,2022-10-01,North,689,903,18000,12402000
D00029,P001,Smartphone A,Mobile,2022-10,2022-10-01,South,679,654,18000,12222000
D00030,P001,Smartphone A,Mobile,2022-10,2022-10-01,West,467,617,18000,8406000
D00031,P001,Smartphone A,Mobile,2022-11,2022-11-01,North,573,571,18000,10314000
D00032,P001,Smartphone A,Mobile,2022-11,2022-11-01,South,620,443,18000,11160000
D00033,P001,Smartphone A,Mobile,2022-11,2022-11-01,West,453,647,18000,8154000
D00034,P001,Smartphone A,Mobile,2022-12,2022-12-01,North,529,704,18000,9522000
D00035,P001,Smartphone A,Mobile,2022-12,2022-12-01,South,626,544,18000,11268000
D00036,P001,Smartphone A,Mobile,2022-12,2022-12-01,West,391,578,18000,7038000
D00037,P001,Smartphone A,Mobile,2023-01,2023-01-01,North,555,825,18000,9990000
D00038,P001,Smartphone A,Mobile,2023-01,2023-01-01,South,503,643,18000,9054000
D00039,P001,Smartphone A,Mobile,2023-01,2023-01-01,West,400,386,18000,7200000
D00040,P001,Smartphone A,Mobile,2023-02,2023-02-01,North,496,244,18000,8928000
D00041,P001,Smartphone A,Mobile,2023-02,2023-02-01,South,553,635,18000,9954000
D00042,P001,Smartphone A,Mobile,2023-02,2023-02-01,West,393,355,18000,7074000
D00043,P001,Smartphone A,Mobile,2023-03,2023-03-01,North,421,382,18000,7578000
D00044,P001,Smartphone A,Mobile,2023-03,2023-03-01,South,552,630,18000,9936000
D00045,P001,Smartphone A,Mobile,2023-03,2023-03-01,West,308,367,18000,5544000
D00046,P001,Smartphone A,Mobile,2023-04,2023-04-01,North,433,572,18000,7794000
D00047,P001,Smartphone A,Mobile,2023-04,2023-04-01,South,463,443,18000,8334000
D00048,P001,Smartphone A,Mobile,2023-04,2023-04-01,West,297,190,18000,5346000
D00049,P001,Smartphone A,Mobile,2023-05,2023-05-01,North,419,470,18000,7542000
D00050,P001,Smartphone A,Mobile,2023-05,2023-05-01,South,468,460,18000,8424000
D00051,P001,Smartphone A,Mobile,2023-05,2023-05-01,West,259,241,18000,4662000
D00052,P001,Smartphone A,Mobile,2023-06,2023-06-01,North,422,348,18000,7596000
D00053,P001,Smartphone A,Mobile,2023-06,2023-06-01,South,489,568,18000,8802000
D00054,P001,Smartphone A,Mobile,2023-06,2023-06-01,West,357,392,18000,6426000
D00055,P001,Smartphone A,Mobile,2023-07,2023-07-01,North,515,530,18000,9270000
D00056,P001,Smartphone A,Mobile,2023-07,2023-07-01,South,488,508,18000,8784000
D00057,P001,Smartphone A,Mobile,2023-07,2023-07-01,West,362,629,18000,6516000
D00058,P001,Smartphone A,Mobile,2023-08,2023-08-01,North,477,541,18000,8586000
D00059,P001,Smartphone A,Mobile,2023-08,2023-08-01,South,552,398,18000,9936000
D00060,P001,Smartphone A,Mobile,2023-08,2023-08-01,West,377,475,18000,6786000
D00061,P001,Smartphone A,Mobile,2023-09,2023-09-01,North,567,450,18000,10206000
D00062,P001,Smartphone A,Mobile,2023-09,2023-09-01,South,678,445,18000,12204000
D00063,P001,Smartphone A,Mobile,2023-09,2023-09-01,West,399,663,18000,7182000
D00064,P001,Smartphone A,Mobile,2023-10,2023-10-01,North,622,554,18000,11196000
D00065,P001,Smartphone A,Mobile,2023-10,2023-10-01,South,779,708,18000,14022000
D00066,P001,Smartphone A,Mobile,2023-10,2023-10-01,West,423,452,18000,7614000
D00067,P001,Smartphone A,Mobile,2023-11,2023-11-01,North,578,683,18000,10404000
D00068,P001,Smartphone A,Mobile,2023-11,2023-11-01,South,669,992,18000,12042000
D00069,P001,Smartphone A,Mobile,2023-11,2023-11-01,West,423,406,18000,7614000
D00070,P001,Smartphone A,Mobile,2023-12,2023-12-01,North,602,424,18000,10836000
D00071,P001,Smartphone A,Mobile,2023-12,2023-12-01,South,657,930,18000,11826000
D00072,P001,Smartphone A,Mobile,2023-12,2023-12-01,West,351,386,18000,6318000
D00073,P001,Smartphone A,Mobile,2024-01,2024-01-01,North,604,766,18000,10872000
D00074,P001,Smartphone A,Mobile,2024-01,2024-01-01,South,609,414,18000,10962000
D00075,P001,Smartphone A,Mobile,2024-01,2024-01-01,West,440,498,18000,7920000
D00076,P001,Smartphone A,Mobile,2024-02,2024-02-01,North,533,611,18000,9594000
D00077,P001,Smartphone A,Mobile,2024-02,2024-02-01,South,565,629,18000,10170000
D00078,P001,Smartphone A,Mobile,2024-02,2024-02-01,West,382,324,18000,6876000
D00079,P001,Smartphone A,Mobile,2024-03,2024-03-01,North,549,649,18000,9882000
D00080,P001,Smartphone A,Mobile,2024-03,2024-03-01,South,494,609,18000,8892000
D00081,P001,Smartphone A,Mobile,2024-03,2024-03-01,West,314,398,18000,5652000
D00082,P001,Smartphone A,Mobile,2024-04,2024-04-01,North,498,408,18000,8964000
D00083,P001,Smartphone A,Mobile,2024-04,2024-04-01,South,561,653,18000,10098000
D00084,P001,Smartphone A,Mobile,2024-04,2024-04-01,West,347,548,18000,6246000
D00085,P001,Smartphone A,Mobile,2024-05,2024-05-01,North,426,357,18000,7668000
D00086,P001,Smartphone A,Mobile,2024-05,2024-05-01,South,461,378,18000,8298000
D00087,P001,Smartphone A,Mobile,2024-05,2024-05-01,West,308,352,18000,5544000
D00088,P001,Smartphone A,Mobile,2024-06,2024-06-01,North,471,603,18000,8478000
D00089,P001,Smartphone A,Mobile,2024-06,2024-06-01,South,527,767,18000,9486000
D00090,P001,Smartphone A,Mobile,2024-06,2024-06-01,West,322,583,18000,5796000
D00091,P001,Smartphone A,Mobile,2024-07,2024-07-01,North,563,456,18000,10134000
D00092,P001,Smartphone A,Mobile,2024-07,2024-07-01,South,560,663,18000,10080000
D00093,P001,Smartphone A,Mobile,2024-07,2024-07-01,West,376,469,18000,6768000
D00094,P001,Smartphone A,Mobile,2024-08,2024-08-01,North,534,549,18000,9612000
D00095,P001,Smartphone A,Mobile,2024-08,2024-08-01,South,548,342,18000,9864000
D00096,P001,Smartphone A,Mobile,2024-08,2024-08-01,West,354,456,18000,6372000
D00097,P001,Smartphone A,Mobile,2024-09,2024-09-01,North,576,403,18000,10368000
D00098,P001,Smartphone A,Mobile,2024-09,2024-09-01,South,656,759,18000,11808000
D00099,P001,Smartphone A,Mobile,2024-09,2024-09-01,West,376,410,18000,6768000
D00100,P001,Smartphone A,Mobile,2024-10,2024-10-01,North,721,526,18000,12978000
D00101,P001,Smartphone A,Mobile,2024-10,2024-10-01,South,844,1018,18000,15192000
D00102,P001,Smartphone A,Mobile,2024-10,2024-10-01,West,557,749,18000,10026000
D00103,P001,Smartphone A,Mobile,2024-11,2024-11-01,North,597,470,18000,10746000
D00104,P001,Smartphone A,Mobile,2024-11,2024-11-01,South,799,953,18000,14382000
D00105,P001,Smartphone A,Mobile,2024-11,2024-11-01,West,499,1062,18000,8982000
D00106,P001,Smartphone A,Mobile,2024-12,2024-12-01,North,627,857,18000,11286000
D00107,P001,Smartphone A,Mobile,2024-12,2024-12-01,South,738,909,18000,13284000
D00108,P001,Smartphone A,Mobile,2024-12,2024-12-01,West,417,526,18000,7506000
D00109,P002,Laptop Pro,Computing,2022-01,2022-01-01,North,164,161,65000,10660000
D00110,P002,Laptop Pro,Computing,2022-01,2022-01-01,South,192,206,65000,12480000
D00111,P002,Laptop Pro,Computing,2022-01,2022-01-01,West,148,78,65000,9620000
D00112,P002,Laptop Pro,Computing,2022-02,2022-02-01,North,162,96,65000,10530000
D00113,P002,Laptop Pro,Computing,2022-02,2022-02-01,South,169,228,65000,10985000
D00114,P002,Laptop Pro,Computing,2022-02,2022-02-01,West,110,82,65000,7150000
D00115,P002,Laptop Pro,Computing,2022-03,2022-03-01,North,132,163,65000,8580000
D00116,P002,Laptop Pro,Computing,2022-03,2022-03-01,South,151,167,65000,9815000
D00117,P002,Laptop Pro,Computing,2022-03,2022-03-01,West,100,86,65000,6500000
D00118,P002,Laptop Pro,Computing,2022-04,2022-04-01,North,157,192,65000,10205000
D00119,P002,Laptop Pro,Computing,2022-04,2022-04-01,South,128,141,65000,8320000
D00120,P002,Laptop Pro,Computing,2022-04,2022-04-01,West,90,115,65000,5850000
D00121,P002,Laptop Pro,Computing,2022-05,2022-05-01,North,119,121,65000,7735000
D00122,P002,Laptop Pro,Computing,2022-05,2022-05-01,South,151,195,65000,9815000
D00123,P002,Laptop Pro,Computing,2022-05,2022-05-01,West,82,78,65000,5330000
D00124,P002,Laptop Pro,Computing,2022-06,2022-06-01,North,129,111,65000,8385000
D00125,P002,Laptop Pro,Computing,2022-06,2022-06-01,South,176,204,65000,11440000
D00126,P002,Laptop Pro,Computing,2022-06,2022-06-01,West,86,112,65000,5590000
D00127,P002,Laptop Pro,Computing,2022-07,2022-07-01,North,183,245,65000,11895000
D00128,P002,Laptop Pro,Computing,2022-07,2022-07-01,South,157,143,65000,10205000
D00129,P002,Laptop Pro,Computing,2022-07,2022-07-01,West,123,104,65000,7995000
D00130,P002,Laptop Pro,Computing,2022-08,2022-08-01,North,155,196,65000,10075000
D00131,P002,Laptop Pro,Computing,2022-08,2022-08-01,South,158,163,65000,10270000
D00132,P002,Laptop Pro,Computing,2022-08,2022-08-01,West,79,60,65000,5135000
D00133,P002,Laptop Pro,Computing,2022-09,2022-09-01,North,161,112,65000,10465000
D00134,P002,Laptop Pro,Computing,2022-09,2022-09-01,South,213,138,65000,13845000
D00135,P002,Laptop Pro,Computing,2022-09,2022-09-01,West,113,122,65000,7345000
D00136,P002,Laptop Pro,Computing,2022-10,2022-10-01,North,232,150,65000,15080000
D00137,P002,Laptop Pro,Computing,2022-10,2022-10-01,South,260,273,65000,16900000
D00138,P002,Laptop Pro,Computing,2022-10,2022-10-01,West,137,161,65000,8905000
D00139,P002,Laptop Pro,Computing,2022-11,2022-11-01,North,197,173,65000,12805000
D00140,P002,Laptop Pro,Computing,2022-11,2022-11-01,South,223,210,65000,14495000
D00141,P002,Laptop Pro,Computing,2022-11,2022-11-01,West,140,172,65000,9100000
D00142,P002,Laptop Pro,Computing,2022-12,2022-12-01,North,195,137,65000,12675000
D00143,P002,Laptop Pro,Computing,2022-12,2022-12-01,South,232,116,65000,15080000
D00144,P002,Laptop Pro,Computing,2022-12,2022-12-01,West,122,148,65000,7930000
D00145,P002,Laptop Pro,Computing,2023-01,2023-01-01,North,185,161,65000,12025000
D00146,P002,Laptop Pro,Computing,2023-01,2023-01-01,South,203,185,65000,13195000
D00147,P002,Laptop Pro,Computing,2023-01,2023-01-01,West,123,158,65000,7995000
D00148,P002,Laptop Pro,Computing,2023-02,2023-02-01,North,164,140,65000,10660000
D00149,P002,Laptop Pro,Computing,2023-02,2023-02-01,South,196,222,65000,12740000
D00150,P002,Laptop Pro,Computing,2023-02,2023-02-01,West,121,148,65000,7865000
D00151,P002,Laptop Pro,Computing,2023-03,2023-03-01,North,136,121,65000,8840000
D00152,P002,Laptop Pro,Computing,2023-03,2023-03-01,South,176,214,65000,11440000
D00153,P002,Laptop Pro,Computing,2023-03,2023-03-01,West,104,112,65000,6760000
D00154,P002,Laptop Pro,Computing,2023-04,2023-04-01,North,153,135,65000,9945000
D00155,P002,Laptop Pro,Computing,2023-04,2023-04-01,South,165,163,65000,10725000
D00156,P002,Laptop Pro,Computing,2023-04,2023-04-01,West,97,131,65000,6305000
D00157,P002,Laptop Pro,Computing,2023-05,2023-05-01,North,140,178,65000,9100000
D00158,P002,Laptop Pro,Computing,2023-05,2023-05-01,South,166,175,65000,10790000
D00159,P002,Laptop Pro,Computing,2023-05,2023-05-01,West,99,95,65000,6435000
D00160,P002,Laptop Pro,Computing,2023-06,2023-06-01,North,143,144,65000,9295000
D00161,P002,Laptop Pro,Computing,2023-06,2023-06-01,South,161,195,65000,10465000
D00162,P002,Laptop Pro,Computing,2023-06,2023-06-01,West,93,152,65000,6045000
D00163,P002,Laptop Pro,Computing,2023-07,2023-07-01,North,149,105,65000,9685000
D00164,P002,Laptop Pro,Computing,2023-07,2023-07-01,South,202,256,65000,13130000
D00165,P002,Laptop Pro,Computing,2023-07,2023-07-01,West,121,148,65000,7865000
D00166,P002,Laptop Pro,Computing,2023-08,2023-08-01,North,155,123,65000,10075000
D00167,P002,Laptop Pro,Computing,2023-08,2023-08-01,South,178,153,65000,11570000
D00168,P002,Laptop Pro,Computing,2023-08,2023-08-01,West,119,120,65000,7735000
D00169,P002,Laptop Pro,Computing,2023-09,2023-09-01,North,159,152,65000,10335000
D00170,P002,Laptop Pro,Computing,2023-09,2023-09-01,South,201,179,65000,13065000
D00171,P002,Laptop Pro,Computing,2023-09,2023-09-01,West,114,127,65000,7410000
D00172,P002,Laptop Pro,Computing,2023-10,2023-10-01,North,220,199,65000,14300000
D00173,P002,Laptop Pro,Computing,2023-10,2023-10-01,South,237,264,65000,15405000
D00174,P002,Laptop Pro,Computing,2023-10,2023-10-01,West,136,89,65000,8840000
D00175,P002,Laptop Pro,Computing,2023-11,2023-11-01,North,190,188,65000,12350000
D00176,P002,Laptop Pro,Computing,2023-11,2023-11-01,South,236,345,65000,15340000
D00177,P002,Laptop Pro,Computing,2023-11,2023-11-01,West,154,154,65000,10010000
D00178,P002,Laptop Pro,Computing,2023-12,2023-12-01,North,179,137,65000,11635000
D00179,P002,Laptop Pro,Computing,2023-12,2023-12-01,South,205,198,65000,13325000
D00180,P002,Laptop Pro,Computing,2023-12,2023-12-01,West,131,107,65000,8515000
D00181,P002,Laptop Pro,Computing,2024-01,2024-01-01,North,195,288,65000,12675000
D00182,P002,Laptop Pro,Computing,2024-01,2024-01-01,South,213,247,65000,13845000
D00183,P002,Laptop Pro,Computing,2024-01,2024-01-01,West,141,132,65000,9165000
D00184,P002,Laptop Pro,Computing,2024-02,2024-02-01,North,168,176,65000,10920000
D00185,P002,Laptop Pro,Computing,2024-02,2024-02-01,South,191,159,65000,12415000
D00186,P002,Laptop Pro,Computing,2024-02,2024-02-01,West,118,140,65000,7670000
D00187,P002,Laptop Pro,Computing,2024-03,2024-03-01,North,168,221,65000,10920000
D00188,P002,Laptop Pro,Computing,2024-03,2024-03-01,South,202,168,65000,13130000
D00189,P002,Laptop Pro,Computing,2024-03,2024-03-01,West,115,126,65000,7475000
D00190,P002,Laptop Pro,Computing,2024-04,2024-04-01,North,169,139,65000,10985000
D00191,P002,Laptop Pro,Computing,2024-04,2024-04-01,South,153,134,65000,9945000
D00192,P002,Laptop Pro,Computing,2024-04,2024-04-01,West,85,76,65000,5525000
D00193,P002,Laptop Pro,Computing,2024-05,2024-05-01,North,128,139,65000,8320000
D00194,P002,Laptop Pro,Computing,2024-05,2024-05-01,South,160,252,65000,10400000
D00195,P002,Laptop Pro,Computing,2024-05,2024-05-01,West,105,93,65000,6825000
D00196,P002,Laptop Pro,Computing,2024-06,2024-06-01,North,134,159,65000,8710000
D00197,P002,Laptop Pro,Computing,2024-06,2024-06-01,South,148,231,65000,9620000
D00198,P002,Laptop Pro,Computing,2024-06,2024-06-01,West,113,103,65000,7345000
D00199,P002,Laptop Pro,Computing,2024-07,2024-07-01,North,145,207,65000,9425000
D00200,P002,Laptop Pro,Computing,2024-07,2024-07-01,South,190,265,65000,12350000
D00201,P002,Laptop Pro,Computing,2024-07,2024-07-01,West,104,91,65000,6760000
D00202,P002,Laptop Pro,Computing,2024-08,2024-08-01,North,161,171,65000,10465000
D00203,P002,Laptop Pro,Computing,2024-08,2024-08-01,South,177,216,65000,11505000
D00204,P002,Laptop Pro,Computing,2024-08,2024-08-01,West,105,106,65000,6825000
D00205,P002,Laptop Pro,Computing,2024-09,2024-09-01,North,178,212,65000,11570000
D00206,P002,Laptop Pro,Computing,2024-09,2024-09-01,South,214,157,65000,13910000
D00207,P002,Laptop Pro,Computing,2024-09,2024-09-01,West,111,156,65000,7215000
D00208,P002,Laptop Pro,Computing,2024-10,2024-10-01,North,230,193,65000,14950000
D00209,P002,Laptop Pro,Computing,2024-10,2024-10-01,South,287,310,65000,18655000
D00210,P002,Laptop Pro,Computing,2024-10,2024-10-01,West,175,187,65000,11375000
D00211,P002,Laptop Pro,Computing,2024-11,2024-11-01,North,243,374,65000,15795000
D00212,P002,Laptop Pro,Computing,2024-11,2024-11-01,South,234,309,65000,15210000
D00213,P002,Laptop Pro,Computing,2024-11,2024-11-01,West,157,225,65000,10205000
D00214,P002,Laptop Pro,Computing,2024-12,2024-12-01,North,172,213,65000,11180000
D00215,P002,Laptop Pro,Computing,2024-12,2024-12-01,South,231,128,65000,15015000
D00216,P002,Laptop Pro,Computing,2024-12,2024-12-01,West,120,57,65000,7800000
D00217,P003,Wireless Earbuds,Audio,2022-01,2022-01-01,North,770,963,3500,2695000
D00218,P003,Wireless Earbuds,Audio,2022-01,2022-01-01,South,1008,1079,3500,3528000
D00219,P003,Wireless Earbuds,Audio,2022-01,2022-01-01,West,635,421,3500,2222500
D00220,P003,Wireless Earbuds,Audio,2022-02,2022-02-01,North,605,625,3500,2117500
D00221,P003,Wireless Earbuds,Audio,2022-02,2022-02-01,South,826,859,3500,2891000
D00222,P003,Wireless Earbuds,Audio,2022-02,2022-02-01,West,418,428,3500,1463000
D00223,P003,Wireless Earbuds,Audio,2022-03,2022-03-01,North,577,714,3500,2019500
D00224,P003,Wireless Earbuds,Audio,2022-03,2022-03-01,South,759,597,3500,2656500
D00225,P003,Wireless Earbuds,Audio,2022-03,2022-03-01,West,441,332,3500,1543500
D00226,P003,Wireless Earbuds,Audio,2022-04,2022-04-01,North,617,812,3500,2159500
D00227,P003,Wireless Earbuds,Audio,2022-04,2022-04-01,South,653,777,3500,2285500
D00228,P003,Wireless Earbuds,Audio,2022-04,2022-04-01,West,424,351,3500,1484000
D00229,P003,Wireless Earbuds,Audio,2022-05,2022-05-01,North,589,447,3500,2061500
D00230,P003,Wireless Earbuds,Audio,2022-05,2022-05-01,South,649,463,3500,2271500
D00231,P003,Wireless Earbuds,Audio,2022-05,2022-05-01,West,491,520,3500,1718500
D00232,P003,Wireless Earbuds,Audio,2022-06,2022-06-01,North,599,664,3500,2096500
D00233,P003,Wireless Earbuds,Audio,2022-06,2022-06-01,South,719,710,3500,2516500
D00234,P003,Wireless Earbuds,Audio,2022-06,2022-06-01,West,476,600,3500,1666000
D00235,P003,Wireless Earbuds,Audio,2022-07,2022-07-01,North,712,632,3500,2492000
D00236,P003,Wireless Earbuds,Audio,2022-07,2022-07-01,South,832,337,3500,2912000
D00237,P003,Wireless Earbuds,Audio,2022-07,2022-07-01,West,467,669,3500,1634500
D00238,P003,Wireless Earbuds,Audio,2022-08,2022-08-01,North,813,796,3500,2845500
D00239,P003,Wireless Earbuds,Audio,2022-08,2022-08-01,South,859,976,3500,3006500
D00240,P003,Wireless Earbuds,Audio,2022-08,2022-08-01,West,640,872,3500,2240000
D00241,P003,Wireless Earbuds,Audio,2022-09,2022-09-01,North,788,616,3500,2758000
D00242,P003,Wireless Earbuds,Audio,2022-09,2022-09-01,South,793,877,3500,2775500
D00243,P003,Wireless Earbuds,Audio,2022-09,2022-09-01,West,534,348,3500,1869000
D00244,P003,Wireless Earbuds,Audio,2022-10,2022-10-01,North,964,720,3500,3374000
D00245,P003,Wireless Earbuds,Audio,2022-10,2022-10-01,South,1319,1710,3500,4616500
D00246,P003,Wireless Earbuds,Audio,2022-10,2022-10-01,West,725,1061,3500,2537500
D00247,P003,Wireless Earbuds,Audio,2022-11,2022-11-01,North,964,779,3500,3374000
D00248,P003,Wireless Earbuds,Audio,2022-11,2022-11-01,South,1228,1474,3500,4298000
D00249,P003,Wireless Earbuds,Audio,2022-11,2022-11-01,West,627,624,3500,2194500
D00250,P003,Wireless Earbuds,Audio,2022-12,2022-12-01,North,801,530,3500,2803500
D00251,P003,Wireless Earbuds,Audio,2022-12,2022-12-01,South,1058,1676,3500,3703000
D00252,P003,Wireless Earbuds,Audio,2022-12,2022-12-01,West,546,659,3500,1911000
D00253,P003,Wireless Earbuds,Audio,2023-01,2023-01-01,North,861,786,3500,3013500
D00254,P003,Wireless Earbuds,Audio,2023-01,2023-01-01,South,989,799,3500,3461500
D00255,P003,Wireless Earbuds,Audio,2023-01,2023-01-01,West,651,532,3500,2278500
D00256,P003,Wireless Earbuds,Audio,2023-02,2023-02-01,North,826,855,3500,2891000
D00257,P003,Wireless Earbuds,Audio,2023-02,2023-02-01,South,907,721,3500,3174500
D00258,P003,Wireless Earbuds,Audio,2023-02,2023-02-01,West,551,695,3500,1928500
D00259,P003,Wireless Earbuds,Audio,2023-03,2023-03-01,North,774,600,3500,2709000
D00260,P003,Wireless Earbuds,Audio,2023-03,2023-03-01,South,857,1080,3500,2999500
D00261,P003,Wireless Earbuds,Audio,2023-03,2023-03-01,West,460,552,3500,1610000
D00262,P003,Wireless Earbuds,Audio,2023-04,2023-04-01,North,677,819,3500,2369500
D00263,P003,Wireless Earbuds,Audio,2023-04,2023-04-01,South,768,418,3500,2688000
D00264,P003,Wireless Earbuds,Audio,2023-04,2023-04-01,West,444,472,3500,1554000
D00265,P003,Wireless Earbuds,Audio,2023-05,2023-05-01,North,700,557,3500,2450000
D00266,P003,Wireless Earbuds,Audio,2023-05,2023-05-01,South,824,481,3500,2884000
D00267,P003,Wireless Earbuds,Audio,2023-05,2023-05-01,West,487,346,3500,1704500
D00268,P003,Wireless Earbuds,Audio,2023-06,2023-06-01,North,694,737,3500,2429000
D00269,P003,Wireless Earbuds,Audio,2023-06,2023-06-01,South,780,735,3500,2730000
D00270,P003,Wireless Earbuds,Audio,2023-06,2023-06-01,West,565,501,3500,1977500
D00271,P003,Wireless Earbuds,Audio,2023-07,2023-07-01,North,916,672,3500,3206000
D00272,P003,Wireless Earbuds,Audio,2023-07,2023-07-01,South,1023,1487,3500,3580500
D00273,P003,Wireless Earbuds,Audio,2023-07,2023-07-01,West,492,406,3500,1722000
D00274,P003,Wireless Earbuds,Audio,2023-08,2023-08-01,North,868,862,3500,3038000
D00275,P003,Wireless Earbuds,Audio,2023-08,2023-08-01,South,976,859,3500,3416000
D00276,P003,Wireless Earbuds,Audio,2023-08,2023-08-01,West,596,599,3500,2086000
D00277,P003,Wireless Earbuds,Audio,2023-09,2023-09-01,North,1005,1126,3500,3517500
D00278,P003,Wireless Earbuds,Audio,2023-09,2023-09-01,South,1079,1008,3500,3776500
D00279,P003,Wireless Earbuds,Audio,2023-09,2023-09-01,West,631,586,3500,2208500
D00280,P003,Wireless Earbuds,Audio,2023-10,2023-10-01,North,1210,1127,3500,4235000
D00281,P003,Wireless Earbuds,Audio,2023-10,2023-10-01,South,1372,2237,3500,4802000
D00282,P003,Wireless Earbuds,Audio,2023-10,2023-10-01,West,896,859,3500,3136000
D00283,P003,Wireless Earbuds,Audio,2023-11,2023-11-01,North,1211,1133,3500,4238500
D00284,P003,Wireless Earbuds,Audio,2023-11,2023-11-01,South,1057,811,3500,3699500
D00285,P003,Wireless Earbuds,Audio,2023-11,2023-11-01,West,671,638,3500,2348500
D00286,P003,Wireless Earbuds,Audio,2023-12,2023-12-01,North,996,1513,3500,3486000
D00287,P003,Wireless Earbuds,Audio,2023-12,2023-12-01,South,1166,1152,3500,4081000
D00288,P003,Wireless Earbuds,Audio,2023-12,2023-12-01,West,757,326,3500,2649500
D00289,P003,Wireless Earbuds,Audio,2024-01,2024-01-01,North,1068,1351,3500,3738000
D00290,P003,Wireless Earbuds,Audio,2024-01,2024-01-01,South,1056,1446,3500,3696000
D00291,P003,Wireless Earbuds,Audio,2024-01,2024-01-01,West,769,718,3500,2691500
D00292,P003,Wireless Earbuds,Audio,2024-02,2024-02-01,North,981,1653,3500,3433500
D00293,P003,Wireless Earbuds,Audio,2024-02,2024-02-01,South,1082,1211,3500,3787000
D00294,P003,Wireless Earbuds,Audio,2024-02,2024-02-01,West,642,521,3500,2247000
D00295,P003,Wireless Earbuds,Audio,2024-03,2024-03-01,North,916,742,3500,3206000
D00296,P003,Wireless Earbuds,Audio,2024-03,2024-03-01,South,987,904,3500,3454500
D00297,P003,Wireless Earbuds,Audio,2024-03,2024-03-01,West,637,728,3500,2229500
D00298,P003,Wireless Earbuds,Audio,2024-04,2024-04-01,North,894,811,3500,3129000
D00299,P003,Wireless Earbuds,Audio,2024-04,2024-04-01,South,923,716,3500,3230500
D00300,P003,Wireless Earbuds,Audio,2024-04,2024-04-01,West,568,656,3500,1988000
D00301,P003,Wireless Earbuds,Audio,2024-05,2024-05-01,North,839,664,3500,2936500
D00302,P003,Wireless Earbuds,Audio,2024-05,2024-05-01,South,967,1382,3500,3384500
D00303,P003,Wireless Earbuds,Audio,2024-05,2024-05-01,West,584,920,3500,2044000
D00304,P003,Wireless Earbuds,Audio,2024-06,2024-06-01,North,793,556,3500,2775500
D00305,P003,Wireless Earbuds,Audio,2024-06,2024-06-01,South,829,1217,3500,2901500
D00306,P003,Wireless Earbuds,Audio,2024-06,2024-06-01,West,635,656,3500,2222500
D00307,P003,Wireless Earbuds,Audio,2024-07,2024-07-01,North,1013,744,3500,3545500
D00308,P003,Wireless Earbuds,Audio,2024-07,2024-07-01,South,1354,1470,3500,4739000
D00309,P003,Wireless Earbuds,Audio,2024-07,2024-07-01,West,714,894,3500,2499000
D00310,P003,Wireless Earbuds,Audio,2024-08,2024-08-01,North,994,1106,3500,3479000
D00311,P003,Wireless Earbuds,Audio,2024-08,2024-08-01,South,1025,1211,3500,3587500
D00312,P003,Wireless Earbuds,Audio,2024-08,2024-08-01,West,786,1121,3500,2751000
D00313,P003,Wireless Earbuds,Audio,2024-09,2024-09-01,North,1196,1084,3500,4186000
D00314,P003,Wireless Earbuds,Audio,2024-09,2024-09-01,South,1116,1132,3500,3906000
D00315,P003,Wireless Earbuds,Audio,2024-09,2024-09-01,West,761,1032,3500,2663500
D00316,P003,Wireless Earbuds,Audio,2024-10,2024-10-01,North,1170,1729,3500,4095000
D00317,P003,Wireless Earbuds,Audio,2024-10,2024-10-01,South,1528,1421,3500,5348000
D00318,P003,Wireless Earbuds,Audio,2024-10,2024-10-01,West,888,520,3500,3108000
D00319,P003,Wireless Earbuds,Audio,2024-11,2024-11-01,North,1359,1454,3500,4756500
D00320,P003,Wireless Earbuds,Audio,2024-11,2024-11-01,South,1307,898,3500,4574500
D00321,P003,Wireless Earbuds,Audio,2024-11,2024-11-01,West,886,1344,3500,3101000
D00322,P003,Wireless Earbuds,Audio,2024-12,2024-12-01,North,1123,706,3500,3930500
D00323,P003,Wireless Earbuds,Audio,2024-12,2024-12-01,South,1285,1251,3500,4497500
D00324,P003,Wireless Earbuds,Audio,2024-12,2024-12-01,West,642,664,3500,2247000
D00325,P004,Tablet X,Computing,2022-01,2022-01-01,North,214,266,28000,5992000
D00326,P004,Tablet X,Computing,2022-01,2022-01-01,South,286,390,28000,8008000
D00327,P004,Tablet X,Computing,2022-01,2022-01-01,West,152,112,28000,4256000
D00328,P004,Tablet X,Computing,2022-02,2022-02-01,North,233,248,28000,6524000
D00329,P004,Tablet X,Computing,2022-02,2022-02-01,South,221,230,28000,6188000
D00330,P004,Tablet X,Computing,2022-02,2022-02-01,West,140,141,28000,3920000
D00331,P004,Tablet X,Computing,2022-03,2022-03-01,North,168,150,28000,4704000
D00332,P004,Tablet X,Computing,2022-03,2022-03-01,South,201,180,28000,5628000
D00333,P004,Tablet X,Computing,2022-03,2022-03-01,West,118,127,28000,3304000
D00334,P004,Tablet X,Computing,2022-04,2022-04-01,North,164,241,28000,4592000
D00335,P004,Tablet X,Computing,2022-04,2022-04-01,South,151,204,28000,4228000
D00336,P004,Tablet X,Computing,2022-04,2022-04-01,West,132,61,28000,3696000
D00337,P004,Tablet X,Computing,2022-05,2022-05-01,North,155,146,28000,4340000
D00338,P004,Tablet X,Computing,2022-05,2022-05-01,South,162,134,28000,4536000
D00339,P004,Tablet X,Computing,2022-05,2022-05-01,West,104,160,28000,2912000
D00340,P004,Tablet X,Computing,2022-06,2022-06-01,North,182,255,28000,5096000
D00341,P004,Tablet X,Computing,2022-06,2022-06-01,South,205,150,28000,5740000
D00342,P004,Tablet X,Computing,2022-06,2022-06-01,West,116,137,28000,3248000
D00343,P004,Tablet X,Computing,2022-07,2022-07-01,North,177,221,28000,4956000
D00344,P004,Tablet X,Computing,2022-07,2022-07-01,South,221,208,28000,6188000
D00345,P004,Tablet X,Computing,2022-07,2022-07-01,West,148,173,28000,4144000
D00346,P004,Tablet X,Computing,2022-08,2022-08-01,North,183,251,28000,5124000
D00347,P004,Tablet X,Computing,2022-08,2022-08-01,South,197,240,28000,5516000
D00348,P004,Tablet X,Computing,2022-08,2022-08-01,West,141,135,28000,3948000
D00349,P004,Tablet X,Computing,2022-09,2022-09-01,North,213,149,28000,5964000
D00350,P004,Tablet X,Computing,2022-09,2022-09-01,South,255,254,28000,7140000
D00351,P004,Tablet X,Computing,2022-09,2022-09-01,West,142,190,28000,3976000
D00352,P004,Tablet X,Computing,2022-10,2022-10-01,North,248,162,28000,6944000
D00353,P004,Tablet X,Computing,2022-10,2022-10-01,South,263,320,28000,7364000
D00354,P004,Tablet X,Computing,2022-10,2022-10-01,West,168,258,28000,4704000
D00355,P004,Tablet X,Computing,2022-11,2022-11-01,North,204,311,28000,5712000
D00356,P004,Tablet X,Computing,2022-11,2022-11-01,South,285,291,28000,7980000
D00357,P004,Tablet X,Computing,2022-11,2022-11-01,West,167,194,28000,4676000
D00358,P004,Tablet X,Computing,2022-12,2022-12-01,North,218,296,28000,6104000
D00359,P004,Tablet X,Computing,2022-12,2022-12-01,South,253,276,28000,7084000
D00360,P004,Tablet X,Computing,2022-12,2022-12-01,West,152,157,28000,4256000
D00361,P004,Tablet X,Computing,2023-01,2023-01-01,North,235,134,28000,6580000
D00362,P004,Tablet X,Computing,2023-01,2023-01-01,South,233,293,28000,6524000
D00363,P004,Tablet X,Computing,2023-01,2023-01-01,West,166,165,28000,4648000
D00364,P004,Tablet X,Computing,2023-02,2023-02-01,North,203,232,28000,5684000
D00365,P004,Tablet X,Computing,2023-02,2023-02-01,South,221,183,28000,6188000
D00366,P004,Tablet X,Computing,2023-02,2023-02-01,West,147,114,28000,4116000
D00367,P004,Tablet X,Computing,2023-03,2023-03-01,North,191,109,28000,5348000
D00368,P004,Tablet X,Computing,2023-03,2023-03-01,South,228,269,28000,6384000
D00369,P004,Tablet X,Computing,2023-03,2023-03-01,West,134,177,28000,3752000
D00370,P004,Tablet X,Computing,2023-04,2023-04-01,North,200,266,28000,5600000
D00371,P004,Tablet X,Computing,2023-04,2023-04-01,South,172,118,28000,4816000
D00372,P004,Tablet X,Computing,2023-04,2023-04-01,West,119,125,28000,3332000
D00373,P004,Tablet X,Computing,2023-05,2023-05-01,North,174,147,28000,4872000
D00374,P004,Tablet X,Computing,2023-05,2023-05-01,South,194,162,28000,5432000
D00375,P004,Tablet X,Computing,2023-05,2023-05-01,West,114,74,28000,3192000
D00376,P004,Tablet X,Computing,2023-06,2023-06-01,North,164,110,28000,4592000
D00377,P004,Tablet X,Computing,2023-06,2023-06-01,South,187,251,28000,5236000
D00378,P004,Tablet X,Computing,2023-06,2023-06-01,West,117,209,28000,3276000
D00379,P004,Tablet X,Computing,2023-07,2023-07-01,North,215,236,28000,6020000
D00380,P004,Tablet X,Computing,2023-07,2023-07-01,South,220,274,28000,6160000
D00381,P004,Tablet X,Computing,2023-07,2023-07-01,West,140,151,28000,3920000
D00382,P004,Tablet X,Computing,2023-08,2023-08-01,North,238,243,28000,6664000
D00383,P004,Tablet X,Computing,2023-08,2023-08-01,South,247,210,28000,6916000
D00384,P004,Tablet X,Computing,2023-08,2023-08-01,West,141,217,28000,3948000
D00385,P004,Tablet X,Computing,2023-09,2023-09-01,North,207,322,28000,5796000
D00386,P004,Tablet X,Computing,2023-09,2023-09-01,South,263,234,28000,7364000
D00387,P004,Tablet X,Computing,2023-09,2023-09-01,West,163,215,28000,4564000
D00388,P004,Tablet X,Computing,2023-10,2023-10-01,North,289,176,28000,8092000
D00389,P004,Tablet X,Computing,2023-10,2023-10-01,South,297,291,28000,8316000
D00390,P004,Tablet X,Computing,2023-10,2023-10-01,West,195,238,28000,5460000
D00391,P004,Tablet X,Computing,2023-11,2023-11-01,North,261,176,28000,7308000
D00392,P004,Tablet X,Computing,2023-11,2023-11-01,South,303,369,28000,8484000
D00393,P004,Tablet X,Computing,2023-11,2023-11-01,West,192,259,28000,5376000
D00394,P004,Tablet X,Computing,2023-12,2023-12-01,North,245,288,28000,6860000
D00395,P004,Tablet X,Computing,2023-12,2023-12-01,South,261,152,28000,7308000
D00396,P004,Tablet X,Computing,2023-12,2023-12-01,West,170,188,28000,4760000
D00397,P004,Tablet X,Computing,2024-01,2024-01-01,North,245,169,28000,6860000
D00398,P004,Tablet X,Computing,2024-01,2024-01-01,South,251,337,28000,7028000
D00399,P004,Tablet X,Computing,2024-01,2024-01-01,West,171,212,28000,4788000
D00400,P004,Tablet X,Computing,2024-02,2024-02-01,North,213,225,28000,5964000
D00401,P004,Tablet X,Computing,2024-02,2024-02-01,South,261,236,28000,7308000
D00402,P004,Tablet X,Computing,2024-02,2024-02-01,West,153,140,28000,4284000
D00403,P004,Tablet X,Computing,2024-03,2024-03-01,North,187,180,28000,5236000
D00404,P004,Tablet X,Computing,2024-03,2024-03-01,South,225,206,28000,6300000
D00405,P004,Tablet X,Computing,2024-03,2024-03-01,West,152,121,28000,4256000
D00406,P004,Tablet X,Computing,2024-04,2024-04-01,North,182,168,28000,5096000
D00407,P004,Tablet X,Computing,2024-04,2024-04-01,South,236,260,28000,6608000
D00408,P004,Tablet X,Computing,2024-04,2024-04-01,West,143,90,28000,4004000
D00409,P004,Tablet X,Computing,2024-05,2024-05-01,North,179,232,28000,5012000
D00410,P004,Tablet X,Computing,2024-05,2024-05-01,South,202,272,28000,5656000
D00411,P004,Tablet X,Computing,2024-05,2024-05-01,West,120,173,28000,3360000
D00412,P004,Tablet X,Computing,2024-06,2024-06-01,North,220,208,28000,6160000
D00413,P004,Tablet X,Computing,2024-06,2024-06-01,South,205,298,28000,5740000
D00414,P004,Tablet X,Computing,2024-06,2024-06-01,West,150,135,28000,4200000
D00415,P004,Tablet X,Computing,2024-07,2024-07-01,North,209,202,28000,5852000
D00416,P004,Tablet X,Computing,2024-07,2024-07-01,South,221,175,28000,6188000
D00417,P004,Tablet X,Computing,2024-07,2024-07-01,West,142,118,28000,3976000
D00418,P004,Tablet X,Computing,2024-08,2024-08-01,North,207,230,28000,5796000
D00419,P004,Tablet X,Computing,2024-08,2024-08-01,South,267,205,28000,7476000
D00420,P004,Tablet X,Computing,2024-08,2024-08-01,West,160,158,28000,4480000
D00421,P004,Tablet X,Computing,2024-09,2024-09-01,North,227,281,28000,6356000
D00422,P004,Tablet X,Computing,2024-09,2024-09-01,South,237,274,28000,6636000
D00423,P004,Tablet X,Computing,2024-09,2024-09-01,West,165,196,28000,4620000
D00424,P004,Tablet X,Computing,2024-10,2024-10-01,North,296,514,28000,8288000
D00425,P004,Tablet X,Computing,2024-10,2024-10-01,South,313,282,28000,8764000
D00426,P004,Tablet X,Computing,2024-10,2024-10-01,West,196,175,28000,5488000
D00427,P004,Tablet X,Computing,2024-11,2024-11-01,North,256,354,28000,7168000
D00428,P004,Tablet X,Computing,2024-11,2024-11-01,South,344,306,28000,9632000
D00429,P004,Tablet X,Computing,2024-11,2024-11-01,West,180,212,28000,5040000
D00430,P004,Tablet X,Computing,2024-12,2024-12-01,North,230,282,28000,6440000
D00431,P004,Tablet X,Computing,2024-12,2024-12-01,South,280,175,28000,7840000
D00432,P004,Tablet X,Computing,2024-12,2024-12-01,West,193,299,28000,5404000
D00433,P005,Smart TV 4K,Display,2022-01,2022-01-01,North,104,97,45000,4680000
D00434,P005,Smart TV 4K,Display,2022-01,2022-01-01,South,127,145,45000,5715000
D00435,P005,Smart TV 4K,Display,2022-01,2022-01-01,West,82,132,45000,3690000
D00436,P005,Smart TV 4K,Display,2022-02,2022-02-01,North,95,78,45000,4275000
D00437,P005,Smart TV 4K,Display,2022-02,2022-02-01,South,98,82,45000,4410000
D00438,P005,Smart TV 4K,Display,2022-02,2022-02-01,West,68,105,45000,3060000
D00439,P005,Smart TV 4K,Display,2022-03,2022-03-01,North,84,93,45000,3780000
D00440,P005,Smart TV 4K,Display,2022-03,2022-03-01,South,100,138,45000,4500000
D00441,P005,Smart TV 4K,Display,2022-03,2022-03-01,West,75,67,45000,3375000
D00442,P005,Smart TV 4K,Display,2022-04,2022-04-01,North,80,107,45000,3600000
D00443,P005,Smart TV 4K,Display,2022-04,2022-04-01,South,100,156,45000,4500000
D00444,P005,Smart TV 4K,Display,2022-04,2022-04-01,West,62,58,45000,2790000
D00445,P005,Smart TV 4K,Display,2022-05,2022-05-01,North,83,112,45000,3735000
D00446,P005,Smart TV 4K,Display,2022-05,2022-05-01,South,96,114,45000,4320000
D00447,P005,Smart TV 4K,Display,2022-05,2022-05-01,West,61,84,45000,2745000
D00448,P005,Smart TV 4K,Display,2022-06,2022-06-01,North,93,114,45000,4185000
D00449,P005,Smart TV 4K,Display,2022-06,2022-06-01,South,94,102,45000,4230000
D00450,P005,Smart TV 4K,Display,2022-06,2022-06-01,West,65,53,45000,2925000
D00451,P005,Smart TV 4K,Display,2022-07,2022-07-01,North,100,93,45000,4500000
D00452,P005,Smart TV 4K,Display,2022-07,2022-07-01,South,111,156,45000,4995000
D00453,P005,Smart TV 4K,Display,2022-07,2022-07-01,West,70,74,45000,3150000
D00454,P005,Smart TV 4K,Display,2022-08,2022-08-01,North,83,104,45000,3735000
D00455,P005,Smart TV 4K,Display,2022-08,2022-08-01,South,111,183,45000,4995000
D00456,P005,Smart TV 4K,Display,2022-08,2022-08-01,West,64,71,45000,2880000
D00457,P005,Smart TV 4K,Display,2022-09,2022-09-01,North,104,155,45000,4680000
D00458,P005,Smart TV 4K,Display,2022-09,2022-09-01,South,115,129,45000,5175000
D00459,P005,Smart TV 4K,Display,2022-09,2022-09-01,West,76,83,45000,3420000
D00460,P005,Smart TV 4K,Display,2022-10,2022-10-01,North,124,136,45000,5580000
D00461,P005,Smart TV 4K,Display,2022-10,2022-10-01,South,160,122,45000,7200000
D00462,P005,Smart TV 4K,Display,2022-10,2022-10-01,West,93,79,45000,4185000
D00463,P005,Smart TV 4K,Display,2022-11,2022-11-01,North,132,82,45000,5940000
D00464,P005,Smart TV 4K,Display,2022-11,2022-11-01,South,131,151,45000,5895000
D00465,P005,Smart TV 4K,Display,2022-11,2022-11-01,West,96,99,45000,4320000
D00466,P005,Smart TV 4K,Display,2022-12,2022-12-01,North,102,160,45000,4590000
D00467,P005,Smart TV 4K,Display,2022-12,2022-12-01,South,108,46,45000,4860000
D00468,P005,Smart TV 4K,Display,2022-12,2022-12-01,West,79,71,45000,3555000
D00469,P005,Smart TV 4K,Display,2023-01,2023-01-01,North,102,127,45000,4590000
D00470,P005,Smart TV 4K,Display,2023-01,2023-01-01,South,130,115,45000,5850000
D00471,P005,Smart TV 4K,Display,2023-01,2023-01-01,West,71,91,45000,3195000
D00472,P005,Smart TV 4K,Display,2023-02,2023-02-01,North,103,105,45000,4635000
D00473,P005,Smart TV 4K,Display,2023-02,2023-02-01,South,129,96,45000,5805000
D00474,P005,Smart TV 4K,Display,2023-02,2023-02-01,West,61,52,45000,2745000
D00475,P005,Smart TV 4K,Display,2023-03,2023-03-01,North,89,99,45000,4005000
D00476,P005,Smart TV 4K,Display,2023-03,2023-03-01,South,100,114,45000,4500000
D00477,P005,Smart TV 4K,Display,2023-03,2023-03-01,West,57,82,45000,2565000
D00478,P005,Smart TV 4K,Display,2023-04,2023-04-01,North,85,115,45000,3825000
D00479,P005,Smart TV 4K,Display,2023-04,2023-04-01,South,100,117,45000,4500000
D00480,P005,Smart TV 4K,Display,2023-04,2023-04-01,West,63,74,45000,2835000
D00481,P005,Smart TV 4K,Display,2023-05,2023-05-01,North,85,120,45000,3825000
D00482,P005,Smart TV 4K,Display,2023-05,2023-05-01,South,94,117,45000,4230000
D00483,P005,Smart TV 4K,Display,2023-05,2023-05-01,West,57,82,45000,2565000
D00484,P005,Smart TV 4K,Display,2023-06,2023-06-01,North,81,125,45000,3645000
D00485,P005,Smart TV 4K,Display,2023-06,2023-06-01,South,97,62,45000,4365000
D00486,P005,Smart TV 4K,Display,2023-06,2023-06-01,West,62,53,45000,2790000
D00487,P005,Smart TV 4K,Display,2023-07,2023-07-01,North,106,91,45000,4770000
D00488,P005,Smart TV 4K,Display,2023-07,2023-07-01,South,109,56,45000,4905000
D00489,P005,Smart TV 4K,Display,2023-07,2023-07-01,West,68,25,45000,3060000
D00490,P005,Smart TV 4K,Display,2023-08,2023-08-01,North,83,104,45000,3735000
D00491,P005,Smart TV 4K,Display,2023-08,2023-08-01,South,115,134,45000,5175000
D00492,P005,Smart TV 4K,Display,2023-08,2023-08-01,West,62,64,45000,2790000
D00493,P005,Smart TV 4K,Display,2023-09,2023-09-01,North,104,75,45000,4680000
D00494,P005,Smart TV 4K,Display,2023-09,2023-09-01,South,134,173,45000,6030000
D00495,P005,Smart TV 4K,Display,2023-09,2023-09-01,West,73,77,45000,3285000
D00496,P005,Smart TV 4K,Display,2023-10,2023-10-01,North,134,64,45000,6030000
D00497,P005,Smart TV 4K,Display,2023-10,2023-10-01,South,148,127,45000,6660000
D00498,P005,Smart TV 4K,Display,2023-10,2023-10-01,West,86,83,45000,3870000
D00499,P005,Smart TV 4K,Display,2023-11,2023-11-01,North,141,173,45000,6345000
D00500,P005,Smart TV 4K,Display,2023-11,2023-11-01,South,134,162,45000,6030000
D00501,P005,Smart TV 4K,Display,2023-11,2023-11-01,West,98,128,45000,4410000
D00502,P005,Smart TV 4K,Display,2023-12,2023-12-01,North,110,95,45000,4950000
D00503,P005,Smart TV 4K,Display,2023-12,2023-12-01,South,132,153,45000,5940000
D00504,P005,Smart TV 4K,Display,2023-12,2023-12-01,West,84,103,45000,3780000
D00505,P005,Smart TV 4K,Display,2024-01,2024-01-01,North,124,111,45000,5580000
D00506,P005,Smart TV 4K,Display,2024-01,2024-01-01,South,144,159,45000,6480000
D00507,P005,Smart TV 4K,Display,2024-01,2024-01-01,West,95,81,45000,4275000
D00508,P005,Smart TV 4K,Display,2024-02,2024-02-01,North,115,127,45000,5175000
D00509,P005,Smart TV 4K,Display,2024-02,2024-02-01,South,109,99,45000,4905000
D00510,P005,Smart TV 4K,Display,2024-02,2024-02-01,West,70,81,45000,3150000
D00511,P005,Smart TV 4K,Display,2024-03,2024-03-01,North,96,85,45000,4320000
D00512,P005,Smart TV 4K,Display,2024-03,2024-03-01,South,105,173,45000,4725000
D00513,P005,Smart TV 4K,Display,2024-03,2024-03-01,West,74,86,45000,3330000
D00514,P005,Smart TV 4K,Display,2024-04,2024-04-01,North,87,94,45000,3915000
D00515,P005,Smart TV 4K,Display,2024-04,2024-04-01,South,105,80,45000,4725000
D00516,P005,Smart TV 4K,Display,2024-04,2024-04-01,West,61,35,45000,2745000
D00517,P005,Smart TV 4K,Display,2024-05,2024-05-01,North,85,104,45000,3825000
D00518,P005,Smart TV 4K,Display,2024-05,2024-05-01,South,91,135,45000,4095000
D00519,P005,Smart TV 4K,Display,2024-05,2024-05-01,West,53,33,45000,2385000
D00520,P005,Smart TV 4K,Display,2024-06,2024-06-01,North,89,119,45000,4005000
D00521,P005,Smart TV 4K,Display,2024-06,2024-06-01,South,114,105,45000,5130000
D00522,P005,Smart TV 4K,Display,2024-06,2024-06-01,West,68,70,45000,3060000
D00523,P005,Smart TV 4K,Display,2024-07,2024-07-01,North,100,129,45000,4500000
D00524,P005,Smart TV 4K,Display,2024-07,2024-07-01,South,122,74,45000,5490000
D00525,P005,Smart TV 4K,Display,2024-07,2024-07-01,West,81,116,45000,3645000
D00526,P005,Smart TV 4K,Display,2024-08,2024-08-01,North,92,106,45000,4140000
D00527,P005,Smart TV 4K,Display,2024-08,2024-08-01,South,116,130,45000,5220000
D00528,P005,Smart TV 4K,Display,2024-08,2024-08-01,West,66,56,45000,2970000
D00529,P005,Smart TV 4K,Display,2024-09,2024-09-01,North,107,147,45000,4815000
D00530,P005,Smart TV 4K,Display,2024-09,2024-09-01,South,127,120,45000,5715000
D00531,P005,Smart TV 4K,Display,2024-09,2024-09-01,West,81,20,45000,3645000
D00532,P005,Smart TV 4K,Display,2024-10,2024-10-01,North,147,82,45000,6615000
D00533,P005,Smart TV 4K,Display,2024-10,2024-10-01,South,150,110,45000,6750000
D00534,P005,Smart TV 4K,Display,2024-10,2024-10-01,West,86,118,45000,3870000
D00535,P005,Smart TV 4K,Display,2024-11,2024-11-01,North,121,138,45000,5445000
D00536,P005,Smart TV 4K,Display,2024-11,2024-11-01,South,143,169,45000,6435000
D00537,P005,Smart TV 4K,Display,2024-11,2024-11-01,West,90,62,45000,4050000
D00538,P005,Smart TV 4K,Display,2024-12,2024-12-01,North,121,110,45000,5445000
D00539,P005,Smart TV 4K,Display,2024-12,2024-12-01,South,112,104,45000,5040000
D00540,P005,Smart TV 4K,Display,2024-12,2024-12-01,West,90,115,45000,4050000
D00541,P006,Gaming Console,Gaming,2022-01,2022-01-01,North,76,72,35000,2660000
D00542,P006,Gaming Console,Gaming,2022-01,2022-01-01,South,87,141,35000,3045000
D00543,P006,Gaming Console,Gaming,2022-01,2022-01-01,West,57,66,35000,1995000
D00544,P006,Gaming Console,Gaming,2022-02,2022-02-01,North,75,83,35000,2625000
D00545,P006,Gaming Console,Gaming,2022-02,2022-02-01,South,78,77,35000,2730000
D00546,P006,Gaming Console,Gaming,2022-02,2022-02-01,West,49,50,35000,1715000
D00547,P006,Gaming Console,Gaming,2022-03,2022-03-01,North,67,71,35000,2345000
D00548,P006,Gaming Console,Gaming,2022-03,2022-03-01,South,77,79,35000,2695000
D00549,P006,Gaming Console,Gaming,2022-03,2022-03-01,West,45,22,35000,1575000
D00550,P006,Gaming Console,Gaming,2022-04,2022-04-01,North,65,74,35000,2275000
D00551,P006,Gaming Console,Gaming,2022-04,2022-04-01,South,75,17,35000,2625000
D00552,P006,Gaming Console,Gaming,2022-04,2022-04-01,West,50,50,35000,1750000
D00553,P006,Gaming Console,Gaming,2022-05,2022-05-01,North,63,47,35000,2205000
D00554,P006,Gaming Console,Gaming,2022-05,2022-05-01,South,69,52,35000,2415000
D00555,P006,Gaming Console,Gaming,2022-05,2022-05-01,West,39,61,35000,1365000
D00556,P006,Gaming Console,Gaming,2022-06,2022-06-01,North,60,66,35000,2100000
D00557,P006,Gaming Console,Gaming,2022-06,2022-06-01,South,75,89,35000,2625000
D00558,P006,Gaming Console,Gaming,2022-06,2022-06-01,West,44,50,35000,1540000
D00559,P006,Gaming Console,Gaming,2022-07,2022-07-01,North,85,87,35000,2975000
D00560,P006,Gaming Console,Gaming,2022-07,2022-07-01,South,83,111,35000,2905000
D00561,P006,Gaming Console,Gaming,2022-07,2022-07-01,West,55,76,35000,1925000
D00562,P006,Gaming Console,Gaming,2022-08,2022-08-01,North,72,52,35000,2520000
D00563,P006,Gaming Console,Gaming,2022-08,2022-08-01,South,89,64,35000,3115000
D00564,P006,Gaming Console,Gaming,2022-08,2022-08-01,West,50,41,35000,1750000
D00565,P006,Gaming Console,Gaming,2022-09,2022-09-01,North,75,85,35000,2625000
D00566,P006,Gaming Console,Gaming,2022-09,2022-09-01,South,89,103,35000,3115000
D00567,P006,Gaming Console,Gaming,2022-09,2022-09-01,West,61,71,35000,2135000
D00568,P006,Gaming Console,Gaming,2022-10,2022-10-01,North,94,124,35000,3290000
D00569,P006,Gaming Console,Gaming,2022-10,2022-10-01,South,120,84,35000,4200000
D00570,P006,Gaming Console,Gaming,2022-10,2022-10-01,West,72,89,35000,2520000
D00571,P006,Gaming Console,Gaming,2022-11,2022-11-01,North,88,126,35000,3080000
D00572,P006,Gaming Console,Gaming,2022-11,2022-11-01,South,101,109,35000,3535000
D00573,P006,Gaming Console,Gaming,2022-11,2022-11-01,West,63,66,35000,2205000
D00574,P006,Gaming Console,Gaming,2022-12,2022-12-01,North,73,47,35000,2555000
D00575,P006,Gaming Console,Gaming,2022-12,2022-12-01,South,104,84,35000,3640000
D00576,P006,Gaming Console,Gaming,2022-12,2022-12-01,West,53,23,35000,1855000
D00577,P006,Gaming Console,Gaming,2023-01,2023-01-01,North,80,54,35000,2800000
D00578,P006,Gaming Console,Gaming,2023-01,2023-01-01,South,109,145,35000,3815000
D00579,P006,Gaming Console,Gaming,2023-01,2023-01-01,West,57,95,35000,1995000
D00580,P006,Gaming Console,Gaming,2023-02,2023-02-01,North,80,76,35000,2800000
D00581,P006,Gaming Console,Gaming,2023-02,2023-02-01,South,68,115,35000,2380000
D00582,P006,Gaming Console,Gaming,2023-02,2023-02-01,West,47,27,35000,1645000
D00583,P006,Gaming Console,Gaming,2023-03,2023-03-01,North,74,128,35000,2590000
D00584,P006,Gaming Console,Gaming,2023-03,2023-03-01,South,86,103,35000,3010000
D00585,P006,Gaming Console,Gaming,2023-03,2023-03-01,West,51,65,35000,1785000
D00586,P006,Gaming Console,Gaming,2023-04,2023-04-01,North,69,77,35000,2415000
D00587,P006,Gaming Console,Gaming,2023-04,2023-04-01,South,75,77,35000,2625000
D00588,P006,Gaming Console,Gaming,2023-04,2023-04-01,West,43,41,35000,1505000
D00589,P006,Gaming Console,Gaming,2023-05,2023-05-01,North,53,54,35000,1855000
D00590,P006,Gaming Console,Gaming,2023-05,2023-05-01,South,65,48,35000,2275000
D00591,P006,Gaming Console,Gaming,2023-05,2023-05-01,West,45,64,35000,1575000
D00592,P006,Gaming Console,Gaming,2023-06,2023-06-01,North,71,43,35000,2485000
D00593,P006,Gaming Console,Gaming,2023-06,2023-06-01,South,69,90,35000,2415000
D00594,P006,Gaming Console,Gaming,2023-06,2023-06-01,West,43,42,35000,1505000
D00595,P006,Gaming Console,Gaming,2023-07,2023-07-01,North,80,62,35000,2800000
D00596,P006,Gaming Console,Gaming,2023-07,2023-07-01,South,88,59,35000,3080000
D00597,P006,Gaming Console,Gaming,2023-07,2023-07-01,West,52,59,35000,1820000
D00598,P006,Gaming Console,Gaming,2023-08,2023-08-01,North,64,75,35000,2240000
D00599,P006,Gaming Console,Gaming,2023-08,2023-08-01,South,84,101,35000,2940000
D00600,P006,Gaming Console,Gaming,2023-08,2023-08-01,West,53,75,35000,1855000
D00601,P006,Gaming Console,Gaming,2023-09,2023-09-01,North,82,76,35000,2870000
D00602,P006,Gaming Console,Gaming,2023-09,2023-09-01,South,94,112,35000,3290000
D00603,P006,Gaming Console,Gaming,2023-09,2023-09-01,West,58,61,35000,2030000
D00604,P006,Gaming Console,Gaming,2023-10,2023-10-01,North,97,83,35000,3395000
D00605,P006,Gaming Console,Gaming,2023-10,2023-10-01,South,105,161,35000,3675000
D00606,P006,Gaming Console,Gaming,2023-10,2023-10-01,West,66,56,35000,2310000
D00607,P006,Gaming Console,Gaming,2023-11,2023-11-01,North,91,118,35000,3185000
D00608,P006,Gaming Console,Gaming,2023-11,2023-11-01,South,108,151,35000,3780000
D00609,P006,Gaming Console,Gaming,2023-11,2023-11-01,West,65,73,35000,2275000
D00610,P006,Gaming Console,Gaming,2023-12,2023-12-01,North,80,132,35000,2800000
D00611,P006,Gaming Console,Gaming,2023-12,2023-12-01,South,89,101,35000,3115000
D00612,P006,Gaming Console,Gaming,2023-12,2023-12-01,West,65,75,35000,2275000
D00613,P006,Gaming Console,Gaming,2024-01,2024-01-01,North,89,90,35000,3115000
D00614,P006,Gaming Console,Gaming,2024-01,2024-01-01,South,104,104,35000,3640000
D00615,P006,Gaming Console,Gaming,2024-01,2024-01-01,West,69,115,35000,2415000
D00616,P006,Gaming Console,Gaming,2024-02,2024-02-01,North,76,50,35000,2660000
D00617,P006,Gaming Console,Gaming,2024-02,2024-02-01,South,91,161,35000,3185000
D00618,P006,Gaming Console,Gaming,2024-02,2024-02-01,West,53,79,35000,1855000
D00619,P006,Gaming Console,Gaming,2024-03,2024-03-01,North,83,74,35000,2905000
D00620,P006,Gaming Console,Gaming,2024-03,2024-03-01,South,87,131,35000,3045000
D00621,P006,Gaming Console,Gaming,2024-03,2024-03-01,West,50,49,35000,1750000
D00622,P006,Gaming Console,Gaming,2024-04,2024-04-01,North,67,51,35000,2345000
D00623,P006,Gaming Console,Gaming,2024-04,2024-04-01,South,76,53,35000,2660000
D00624,P006,Gaming Console,Gaming,2024-04,2024-04-01,West,50,41,35000,1750000
D00625,P006,Gaming Console,Gaming,2024-05,2024-05-01,North,68,41,35000,2380000
D00626,P006,Gaming Console,Gaming,2024-05,2024-05-01,South,78,100,35000,2730000
D00627,P006,Gaming Console,Gaming,2024-05,2024-05-01,West,40,46,35000,1400000
D00628,P006,Gaming Console,Gaming,2024-06,2024-06-01,North,78,55,35000,2730000
D00629,P006,Gaming Console,Gaming,2024-06,2024-06-01,South,92,107,35000,3220000
D00630,P006,Gaming Console,Gaming,2024-06,2024-06-01,West,47,48,35000,1645000
D00631,P006,Gaming Console,Gaming,2024-07,2024-07-01,North,86,92,35000,3010000
D00632,P006,Gaming Console,Gaming,2024-07,2024-07-01,South,98,77,35000,3430000
D00633,P006,Gaming Console,Gaming,2024-07,2024-07-01,West,60,39,35000,2100000
D00634,P006,Gaming Console,Gaming,2024-08,2024-08-01,North,78,62,35000,2730000
D00635,P006,Gaming Console,Gaming,2024-08,2024-08-01,South,85,118,35000,2975000
D00636,P006,Gaming Console,Gaming,2024-08,2024-08-01,West,61,74,35000,2135000
D00637,P006,Gaming Console,Gaming,2024-09,2024-09-01,North,80,76,35000,2800000
D00638,P006,Gaming Console,Gaming,2024-09,2024-09-01,South,109,118,35000,3815000
D00639,P006,Gaming Console,Gaming,2024-09,2024-09-01,West,74,85,35000,2590000
D00640,P006,Gaming Console,Gaming,2024-10,2024-10-01,North,112,107,35000,3920000
D00641,P006,Gaming Console,Gaming,2024-10,2024-10-01,South,128,128,35000,4480000
D00642,P006,Gaming Console,Gaming,2024-10,2024-10-01,West,83,109,35000,2905000
D00643,P006,Gaming Console,Gaming,2024-11,2024-11-01,North,97,65,35000,3395000
D00644,P006,Gaming Console,Gaming,2024-11,2024-11-01,South,101,120,35000,3535000
D00645,P006,Gaming Console,Gaming,2024-11,2024-11-01,West,67,29,35000,2345000
D00646,P006,Gaming Console,Gaming,2024-12,2024-12-01,North,96,167,35000,3360000
D00647,P006,Gaming Console,Gaming,2024-12,2024-12-01,South,106,136,35000,3710000
D00648,P006,Gaming Console,Gaming,2024-12,2024-12-01,West,67,68,35000,2345000
D00649,P007,Smartwatch,Wearable,2022-01,2022-01-01,North,328,317,8000,2624000
D00650,P007,Smartwatch,Wearable,2022-01,2022-01-01,South,357,407,8000,2856000
D00651,P007,Smartwatch,Wearable,2022-01,2022-01-01,West,207,274,8000,1656000
D00652,P007,Smartwatch,Wearable,2022-02,2022-02-01,North,269,225,8000,2152000
D00653,P007,Smartwatch,Wearable,2022-02,2022-02-01,South,326,260,8000,2608000
D00654,P007,Smartwatch,Wearable,2022-02,2022-02-01,West,195,204,8000,1560000
D00655,P007,Smartwatch,Wearable,2022-03,2022-03-01,North,274,324,8000,2192000
D00656,P007,Smartwatch,Wearable,2022-03,2022-03-01,South,287,367,8000,2296000
D00657,P007,Smartwatch,Wearable,2022-03,2022-03-01,West,200,241,8000,1600000
D00658,P007,Smartwatch,Wearable,2022-04,2022-04-01,North,243,165,8000,1944000
D00659,P007,Smartwatch,Wearable,2022-04,2022-04-01,South,254,244,8000,2032000
D00660,P007,Smartwatch,Wearable,2022-04,2022-04-01,West,165,164,8000,1320000
D00661,P007,Smartwatch,Wearable,2022-05,2022-05-01,North,235,281,8000,1880000
D00662,P007,Smartwatch,Wearable,2022-05,2022-05-01,South,265,314,8000,2120000
D00663,P007,Smartwatch,Wearable,2022-05,2022-05-01,West,168,83,8000,1344000
D00664,P007,Smartwatch,Wearable,2022-06,2022-06-01,North,231,233,8000,1848000
D00665,P007,Smartwatch,Wearable,2022-06,2022-06-01,South,258,314,8000,2064000
D00666,P007,Smartwatch,Wearable,2022-06,2022-06-01,West,201,279,8000,1608000
D00667,P007,Smartwatch,Wearable,2022-07,2022-07-01,North,289,424,8000,2312000
D00668,P007,Smartwatch,Wearable,2022-07,2022-07-01,South,340,324,8000,2720000
D00669,P007,Smartwatch,Wearable,2022-07,2022-07-01,West,200,193,8000,1600000
D00670,P007,Smartwatch,Wearable,2022-08,2022-08-01,North,276,302,8000,2208000
D00671,P007,Smartwatch,Wearable,2022-08,2022-08-01,South,330,346,8000,2640000
D00672,P007,Smartwatch,Wearable,2022-08,2022-08-01,West,211,291,8000,1688000
D00673,P007,Smartwatch,Wearable,2022-09,2022-09-01,North,341,216,8000,2728000
D00674,P007,Smartwatch,Wearable,2022-09,2022-09-01,South,288,377,8000,2304000
D00675,P007,Smartwatch,Wearable,2022-09,2022-09-01,West,201,198,8000,1608000
D00676,P007,Smartwatch,Wearable,2022-10,2022-10-01,North,368,200,8000,2944000
D00677,P007,Smartwatch,Wearable,2022-10,2022-10-01,South,484,611,8000,3872000
D00678,P007,Smartwatch,Wearable,2022-10,2022-10-01,West,276,89,8000,2208000
D00679,P007,Smartwatch,Wearable,2022-11,2022-11-01,North,367,425,8000,2936000
D00680,P007,Smartwatch,Wearable,2022-11,2022-11-01,South,386,425,8000,3088000
D00681,P007,Smartwatch,Wearable,2022-11,2022-11-01,West,273,330,8000,2184000
D00682,P007,Smartwatch,Wearable,2022-12,2022-12-01,North,349,271,8000,2792000
D00683,P007,Smartwatch,Wearable,2022-12,2022-12-01,South,433,435,8000,3464000
D00684,P007,Smartwatch,Wearable,2022-12,2022-12-01,West,246,194,8000,1968000
D00685,P007,Smartwatch,Wearable,2023-01,2023-01-01,North,353,283,8000,2824000
D00686,P007,Smartwatch,Wearable,2023-01,2023-01-01,South,412,630,8000,3296000
D00687,P007,Smartwatch,Wearable,2023-01,2023-01-01,West,232,138,8000,1856000
D00688,P007,Smartwatch,Wearable,2023-02,2023-02-01,North,365,361,8000,2920000
D00689,P007,Smartwatch,Wearable,2023-02,2023-02-01,South,353,473,8000,2824000
D00690,P007,Smartwatch,Wearable,2023-02,2023-02-01,West,222,346,8000,1776000
D00691,P007,Smartwatch,Wearable,2023-03,2023-03-01,North,318,290,8000,2544000
D00692,P007,Smartwatch,Wearable,2023-03,2023-03-01,South,404,355,8000,3232000
D00693,P007,Smartwatch,Wearable,2023-03,2023-03-01,West,228,258,8000,1824000
D00694,P007,Smartwatch,Wearable,2023-04,2023-04-01,North,321,477,8000,2568000
D00695,P007,Smartwatch,Wearable,2023-04,2023-04-01,South,333,279,8000,2664000
D00696,P007,Smartwatch,Wearable,2023-04,2023-04-01,West,215,184,8000,1720000
D00697,P007,Smartwatch,Wearable,2023-05,2023-05-01,North,324,352,8000,2592000
D00698,P007,Smartwatch,Wearable,2023-05,2023-05-01,South,310,341,8000,2480000
D00699,P007,Smartwatch,Wearable,2023-05,2023-05-01,West,178,138,8000,1424000
D00700,P007,Smartwatch,Wearable,2023-06,2023-06-01,North,328,284,8000,2624000
D00701,P007,Smartwatch,Wearable,2023-06,2023-06-01,South,313,375,8000,2504000
D00702,P007,Smartwatch,Wearable,2023-06,2023-06-01,West,234,292,8000,1872000
D00703,P007,Smartwatch,Wearable,2023-07,2023-07-01,North,380,318,8000,3040000
D00704,P007,Smartwatch,Wearable,2023-07,2023-07-01,South,356,523,8000,2848000
D00705,P007,Smartwatch,Wearable,2023-07,2023-07-01,West,245,240,8000,1960000
D00706,P007,Smartwatch,Wearable,2023-08,2023-08-01,North,377,454,8000,3016000
D00707,P007,Smartwatch,Wearable,2023-08,2023-08-01,South,404,669,8000,3232000
D00708,P007,Smartwatch,Wearable,2023-08,2023-08-01,West,231,302,8000,1848000
D00709,P007,Smartwatch,Wearable,2023-09,2023-09-01,North,381,428,8000,3048000
D00710,P007,Smartwatch,Wearable,2023-09,2023-09-01,South,486,579,8000,3888000
D00711,P007,Smartwatch,Wearable,2023-09,2023-09-01,West,282,380,8000,2256000
D00712,P007,Smartwatch,Wearable,2023-10,2023-10-01,North,471,383,8000,3768000
D00713,P007,Smartwatch,Wearable,2023-10,2023-10-01,South,508,253,8000,4064000
D00714,P007,Smartwatch,Wearable,2023-10,2023-10-01,West,403,298,8000,3224000
D00715,P007,Smartwatch,Wearable,2023-11,2023-11-01,North,450,437,8000,3600000
D00716,P007,Smartwatch,Wearable,2023-11,2023-11-01,South,537,686,8000,4296000
D00717,P007,Smartwatch,Wearable,2023-11,2023-11-01,West,350,310,8000,2800000
D00718,P007,Smartwatch,Wearable,2023-12,2023-12-01,North,408,460,8000,3264000
D00719,P007,Smartwatch,Wearable,2023-12,2023-12-01,South,463,694,8000,3704000
D00720,P007,Smartwatch,Wearable,2023-12,2023-12-01,West,307,385,8000,2456000
D00721,P007,Smartwatch,Wearable,2024-01,2024-01-01,North,461,635,8000,3688000
D00722,P007,Smartwatch,Wearable,2024-01,2024-01-01,South,507,348,8000,4056000
D00723,P007,Smartwatch,Wearable,2024-01,2024-01-01,West,322,279,8000,2576000
D00724,P007,Smartwatch,Wearable,2024-02,2024-02-01,North,374,454,8000,2992000
D00725,P007,Smartwatch,Wearable,2024-02,2024-02-01,South,491,518,8000,3928000
D00726,P007,Smartwatch,Wearable,2024-02,2024-02-01,West,286,436,8000,2288000
D00727,P007,Smartwatch,Wearable,2024-03,2024-03-01,North,367,652,8000,2936000
D00728,P007,Smartwatch,Wearable,2024-03,2024-03-01,South,431,240,8000,3448000
D00729,P007,Smartwatch,Wearable,2024-03,2024-03-01,West,273,315,8000,2184000
D00730,P007,Smartwatch,Wearable,2024-04,2024-04-01,North,383,474,8000,3064000
D00731,P007,Smartwatch,Wearable,2024-04,2024-04-01,South,393,277,8000,3144000
D00732,P007,Smartwatch,Wearable,2024-04,2024-04-01,West,244,198,8000,1952000
D00733,P007,Smartwatch,Wearable,2024-05,2024-05-01,North,319,387,8000,2552000
D00734,P007,Smartwatch,Wearable,2024-05,2024-05-01,South,433,502,8000,3464000
D00735,P007,Smartwatch,Wearable,2024-05,2024-05-01,West,216,253,8000,1728000
D00736,P007,Smartwatch,Wearable,2024-06,2024-06-01,North,392,344,8000,3136000
D00737,P007,Smartwatch,Wearable,2024-06,2024-06-01,South,405,426,8000,3240000
D00738,P007,Smartwatch,Wearable,2024-06,2024-06-01,West,239,294,8000,1912000
D00739,P007,Smartwatch,Wearable,2024-07,2024-07-01,North,417,486,8000,3336000
D00740,P007,Smartwatch,Wearable,2024-07,2024-07-01,South,447,414,8000,3576000
D00741,P007,Smartwatch,Wearable,2024-07,2024-07-01,West,318,300,8000,2544000
D00742,P007,Smartwatch,Wearable,2024-08,2024-08-01,North,464,435,8000,3712000
D00743,P007,Smartwatch,Wearable,2024-08,2024-08-01,South,474,621,8000,3792000
D00744,P007,Smartwatch,Wearable,2024-08,2024-08-01,West,258,143,8000,2064000
D00745,P007,Smartwatch,Wearable,2024-09,2024-09-01,North,398,558,8000,3184000
D00746,P007,Smartwatch,Wearable,2024-09,2024-09-01,South,495,874,8000,3960000
D00747,P007,Smartwatch,Wearable,2024-09,2024-09-01,West,309,340,8000,2472000
D00748,P007,Smartwatch,Wearable,2024-10,2024-10-01,North,652,1050,8000,5216000
D00749,P007,Smartwatch,Wearable,2024-10,2024-10-01,South,773,1073,8000,6184000
D00750,P007,Smartwatch,Wearable,2024-10,2024-10-01,West,448,544,8000,3584000
D00751,P007,Smartwatch,Wearable,2024-11,2024-11-01,North,582,521,8000,4656000
D00752,P007,Smartwatch,Wearable,2024-11,2024-11-01,South,586,614,8000,4688000
D00753,P007,Smartwatch,Wearable,2024-11,2024-11-01,West,386,356,8000,3088000
D00754,P007,Smartwatch,Wearable,2024-12,2024-12-01,North,522,687,8000,4176000
D00755,P007,Smartwatch,Wearable,2024-12,2024-12-01,South,569,832,8000,4552000
D00756,P007,Smartwatch,Wearable,2024-12,2024-12-01,West,321,319,8000,2568000
D00757,P008,Power Bank,Accessories,2022-01,2022-01-01,North,824,434,1500,1236000
D00758,P008,Power Bank,Accessories,2022-01,2022-01-01,South,993,1008,1500,1489500
D00759,P008,Power Bank,Accessories,2022-01,2022-01-01,West,700,858,1500,1050000
D00760,P008,Power Bank,Accessories,2022-02,2022-02-01,North,712,1117,1500,1068000
D00761,P008,Power Bank,Accessories,2022-02,2022-02-01,South,973,1180,1500,1459500
D00762,P008,Power Bank,Accessories,2022-02,2022-02-01,West,544,425,1500,816000
D00763,P008,Power Bank,Accessories,2022-03,2022-03-01,North,690,934,1500,1035000
D00764,P008,Power Bank,Accessories,2022-03,2022-03-01,South,935,1385,1500,1402500
D00765,P008,Power Bank,Accessories,2022-03,2022-03-01,West,488,359,1500,732000
D00766,P008,Power Bank,Accessories,2022-04,2022-04-01,North,688,381,1500,1032000
D00767,P008,Power Bank,Accessories,2022-04,2022-04-01,South,798,804,1500,1197000
D00768,P008,Power Bank,Accessories,2022-04,2022-04-01,West,468,282,1500,702000
D00769,P008,Power Bank,Accessories,2022-05,2022-05-01,North,677,609,1500,1015500
D00770,P008,Power Bank,Accessories,2022-05,2022-05-01,South,673,165,1500,1009500
D00771,P008,Power Bank,Accessories,2022-05,2022-05-01,West,463,715,1500,694500
D00772,P008,Power Bank,Accessories,2022-06,2022-06-01,North,784,722,1500,1176000
D00773,P008,Power Bank,Accessories,2022-06,2022-06-01,South,752,888,1500,1128000
D00774,P008,Power Bank,Accessories,2022-06,2022-06-01,West,454,515,1500,681000
D00775,P008,Power Bank,Accessories,2022-07,2022-07-01,North,857,1194,1500,1285500
D00776,P008,Power Bank,Accessories,2022-07,2022-07-01,South,915,908,1500,1372500
D00777,P008,Power Bank,Accessories,2022-07,2022-07-01,West,536,438,1500,804000
D00778,P008,Power Bank,Accessories,2022-08,2022-08-01,North,763,879,1500,1144500
D00779,P008,Power Bank,Accessories,2022-08,2022-08-01,South,953,786,1500,1429500
D00780,P008,Power Bank,Accessories,2022-08,2022-08-01,West,621,604,1500,931500
D00781,P008,Power Bank,Accessories,2022-09,2022-09-01,North,856,719,1500,1284000
D00782,P008,Power Bank,Accessories,2022-09,2022-09-01,South,790,1025,1500,1185000
D00783,P008,Power Bank,Accessories,2022-09,2022-09-01,West,648,629,1500,972000
D00784,P008,Power Bank,Accessories,2022-10,2022-10-01,North,1096,1309,1500,1644000
D00785,P008,Power Bank,Accessories,2022-10,2022-10-01,South,1090,983,1500,1635000
D00786,P008,Power Bank,Accessories,2022-10,2022-10-01,West,828,578,1500,1242000
D00787,P008,Power Bank,Accessories,2022-11,2022-11-01,North,1047,701,1500,1570500
D00788,P008,Power Bank,Accessories,2022-11,2022-11-01,South,1213,1261,1500,1819500
D00789,P008,Power Bank,Accessories,2022-11,2022-11-01,West,636,875,1500,954000
D00790,P008,Power Bank,Accessories,2022-12,2022-12-01,North,863,710,1500,1294500
D00791,P008,Power Bank,Accessories,2022-12,2022-12-01,South,1064,1459,1500,1596000
D00792,P008,Power Bank,Accessories,2022-12,2022-12-01,West,601,641,1500,901500
D00793,P008,Power Bank,Accessories,2023-01,2023-01-01,North,995,1237,1500,1492500
D00794,P008,Power Bank,Accessories,2023-01,2023-01-01,South,1115,1056,1500,1672500
D00795,P008,Power Bank,Accessories,2023-01,2023-01-01,West,642,689,1500,963000
D00796,P008,Power Bank,Accessories,2023-02,2023-02-01,North,780,180,1500,1170000
D00797,P008,Power Bank,Accessories,2023-02,2023-02-01,South,1010,1316,1500,1515000
D00798,P008,Power Bank,Accessories,2023-02,2023-02-01,West,494,379,1500,741000
D00799,P008,Power Bank,Accessories,2023-03,2023-03-01,North,821,1335,1500,1231500
D00800,P008,Power Bank,Accessories,2023-03,2023-03-01,South,895,757,1500,1342500
D00801,P008,Power Bank,Accessories,2023-03,2023-03-01,West,550,789,1500,825000
D00802,P008,Power Bank,Accessories,2023-04,2023-04-01,North,710,586,1500,1065000
D00803,P008,Power Bank,Accessories,2023-04,2023-04-01,South,823,644,1500,1234500
D00804,P008,Power Bank,Accessories,2023-04,2023-04-01,West,540,812,1500,810000
D00805,P008,Power Bank,Accessories,2023-05,2023-05-01,North,734,718,1500,1101000
D00806,P008,Power Bank,Accessories,2023-05,2023-05-01,South,798,488,1500,1197000
D00807,P008,Power Bank,Accessories,2023-05,2023-05-01,West,547,562,1500,820500
D00808,P008,Power Bank,Accessories,2023-06,2023-06-01,North,750,1458,1500,1125000
D00809,P008,Power Bank,Accessories,2023-06,2023-06-01,South,891,747,1500,1336500
D00810,P008,Power Bank,Accessories,2023-06,2023-06-01,West,525,720,1500,787500
D00811,P008,Power Bank,Accessories,2023-07,2023-07-01,North,896,579,1500,1344000
D00812,P008,Power Bank,Accessories,2023-07,2023-07-01,South,1090,940,1500,1635000
D00813,P008,Power Bank,Accessories,2023-07,2023-07-01,West,729,985,1500,1093500
D00814,P008,Power Bank,Accessories,2023-08,2023-08-01,North,824,1160,1500,1236000
D00815,P008,Power Bank,Accessories,2023-08,2023-08-01,South,982,1265,1500,1473000
D00816,P008,Power Bank,Accessories,2023-08,2023-08-01,West,634,515,1500,951000
D00817,P008,Power Bank,Accessories,2023-09,2023-09-01,North,895,1197,1500,1342500
D00818,P008,Power Bank,Accessories,2023-09,2023-09-01,South,1050,983,1500,1575000
D00819,P008,Power Bank,Accessories,2023-09,2023-09-01,West,622,726,1500,933000
D00820,P008,Power Bank,Accessories,2023-10,2023-10-01,North,1397,1049,1500,2095500
D00821,P008,Power Bank,Accessories,2023-10,2023-10-01,South,1373,1984,1500,2059500
D00822,P008,Power Bank,Accessories,2023-10,2023-10-01,West,851,1001,1500,1276500
D00823,P008,Power Bank,Accessories,2023-11,2023-11-01,North,1030,1205,1500,1545000
D00824,P008,Power Bank,Accessories,2023-11,2023-11-01,South,1267,1680,1500,1900500
D00825,P008,Power Bank,Accessories,2023-11,2023-11-01,West,880,1562,1500,1320000
D00826,P008,Power Bank,Accessories,2023-12,2023-12-01,North,1055,1203,1500,1582500
D00827,P008,Power Bank,Accessories,2023-12,2023-12-01,South,1171,1113,1500,1756500
D00828,P008,Power Bank,Accessories,2023-12,2023-12-01,West,740,715,1500,1110000
D00829,P008,Power Bank,Accessories,2024-01,2024-01-01,North,1073,1522,1500,1609500
D00830,P008,Power Bank,Accessories,2024-01,2024-01-01,South,1113,1523,1500,1669500
D00831,P008,Power Bank,Accessories,2024-01,2024-01-01,West,836,850,1500,1254000
D00832,P008,Power Bank,Accessories,2024-02,2024-02-01,North,780,686,1500,1170000
D00833,P008,Power Bank,Accessories,2024-02,2024-02-01,South,1185,1236,1500,1777500
D00834,P008,Power Bank,Accessories,2024-02,2024-02-01,West,617,560,1500,925500
D00835,P008,Power Bank,Accessories,2024-03,2024-03-01,North,919,1105,1500,1378500
D00836,P008,Power Bank,Accessories,2024-03,2024-03-01,South,965,914,1500,1447500
D00837,P008,Power Bank,Accessories,2024-03,2024-03-01,West,595,471,1500,892500
D00838,P008,Power Bank,Accessories,2024-04,2024-04-01,North,931,893,1500,1396500
D00839,P008,Power Bank,Accessories,2024-04,2024-04-01,South,1034,1526,1500,1551000
D00840,P008,Power Bank,Accessories,2024-04,2024-04-01,West,636,590,1500,954000
D00841,P008,Power Bank,Accessories,2024-05,2024-05-01,North,812,847,1500,1218000
D00842,P008,Power Bank,Accessories,2024-05,2024-05-01,South,834,951,1500,1251000
D00843,P008,Power Bank,Accessories,2024-05,2024-05-01,West,509,703,1500,763500
D00844,P008,Power Bank,Accessories,2024-06,2024-06-01,North,806,891,1500,1209000
D00845,P008,Power Bank,Accessories,2024-06,2024-06-01,South,979,956,1500,1468500
D00846,P008,Power Bank,Accessories,2024-06,2024-06-01,West,626,574,1500,939000
D00847,P008,Power Bank,Accessories,2024-07,2024-07-01,North,1046,704,1500,1569000
D00848,P008,Power Bank,Accessories,2024-07,2024-07-01,South,1128,1796,1500,1692000
D00849,P008,Power Bank,Accessories,2024-07,2024-07-01,West,642,552,1500,963000
D00850,P008,Power Bank,Accessories,2024-08,2024-08-01,North,979,1077,1500,1468500
D00851,P008,Power Bank,Accessories,2024-08,2024-08-01,South,1105,1311,1500,1657500
D00852,P008,Power Bank,Accessories,2024-08,2024-08-01,West,706,960,1500,1059000
D00853,P008,Power Bank,Accessories,2024-09,2024-09-01,North,1072,1053,1500,1608000
D00854,P008,Power Bank,Accessories,2024-09,2024-09-01,South,1251,1979,1500,1876500
D00855,P008,Power Bank,Accessories,2024-09,2024-09-01,West,734,570,1500,1101000
D00856,P008,Power Bank,Accessories,2024-10,2024-10-01,North,1437,1460,1500,2155500
D00857,P008,Power Bank,Accessories,2024-10,2024-10-01,South,1246,1603,1500,1869000
D00858,P008,Power Bank,Accessories,2024-10,2024-10-01,West,902,924,1500,1353000
D00859,P008,Power Bank,Accessories,2024-11,2024-11-01,North,1271,1402,1500,1906500
D00860,P008,Power Bank,Accessories,2024-11,2024-11-01,South,1496,1388,1500,2244000
D00861,P008,Power Bank,Accessories,2024-11,2024-11-01,West,921,900,1500,1381500
D00862,P008,Power Bank,Accessories,2024-12,2024-12-01,North,1175,1436,1500,1762500
D00863,P008,Power Bank,Accessories,2024-12,2024-12-01,South,1173,1588,1500,1759500
D00864,P008,Power Bank,Accessories,2024-12,2024-12-01,West,758,967,1500,1137000
